Feature_A,Feature_B,SHAP_Interaction,H_Statistic,Strength
Environmental_Concern_Level,Subsidy_Available,0.1315276026725769,0.5645729451317858,Strong
Environmental_Concern_Level,income_100,0.041121888905763626,0.1997108826221821,Strong
Annual_Income_USD,income_100,0.03832788020372391,0.09761029854384247,Strong
income_100,income_1000,0.03391445800662041,0.22933272463408785,Strong
Annual_Income_USD,Environmental_Concern_Level,0.02823280170559883,0.06989730145124366,Strong
Annual_Income_USD,income_1000,0.027884092181921005,0.15148075493329885,Strong
Subsidy_Available,Range_Anxiety_Level,0.027117066085338593,0.5123706139328452,Strong
Environmental_Concern_Level,income_1000,0.02598862163722515,0.11673096834631311,Strong
Subsidy_Available,income_1000,0.025737367570400238,,Strong
Subsidy_Available,income_100,0.022581718862056732,,Strong
Environmental_Concern_Level,Range_Anxiety_Level,0.01811005175113678,,Strong
Age,Subsidy_Available,0.0154579421505332,,Strong
Annual_Income_USD,Subsidy_Available,0.014746163971722126,,Strong
Age,Environmental_Concern_Level,0.013417428359389305,,Strong
Daily_Commute_km,Daily_Commute_km_exact,0.012281271629035473,,Strong
Environmental_Concern_Level,income_exact,0.009214933961629868,,Strong
Daily_Commute_km,Environmental_Concern_Level,0.008869362063705921,,Strong
Charging_Stations_Near_Work,Environmental_Concern_Level,0.008039047010242939,,Strong
Age,Daily_Commute_km,0.008021553978323936,,Strong
Environmental_Concern_Level,Daily_Commute_km_exact,0.007609817665070295,,Strong
Number_of_Cars_Owned,Subsidy_Available,0.00707917520776391,,Strong
Charging_Stations_Near_Home,Environmental_Concern_Level,0.006979397032409906,,Strong
Age,Charging_Stations_Near_Home,0.006177285686135292,,Strong
Age,Annual_Income_USD,0.006151456851512194,,Strong
Daily_Commute_km,Subsidy_Available,0.005659324582666159,,Strong
income_exact,income_1000,0.005499664228409529,,Strong
Charging_Stations_Near_Work,Home_Charging_Possible,0.005490221083164215,,Strong
Daily_Commute_km,Charging_Stations_Near_Work,0.005371227860450745,,Strong
Age,income_100,0.00533277029171586,,Moderate
Age,Charging_Stations_Near_Work,0.005324833560734987,,Moderate
Charging_Stations_Near_Work,Subsidy_Available,0.005324455909430981,,Moderate
Range_Anxiety_Level,income_1000,0.005173911340534687,,Moderate
Daily_Commute_km,Home_Charging_Possible,0.005067573860287666,,Moderate
Daily_Commute_km,Charging_Stations_Near_Home,0.005050519946962595,,Moderate
Environmental_Concern_Level,Home_Charging_Possible,0.00502190412953496,,Moderate
Annual_Income_USD,Daily_Commute_km,0.004882718436419964,,Moderate
Age,income_1000,0.004777429159730673,,Moderate
Charging_Stations_Near_Home,Home_Charging_Possible,0.004475276451557875,,Moderate
Annual_Income_USD,Charging_Stations_Near_Home,0.004346100147813559,,Moderate
Age,Daily_Commute_km_exact,0.004334059078246355,,Moderate
Subsidy_Available,Daily_Commute_km_exact,0.004274830687791109,,Moderate
income_exact,income_100,0.004190303385257721,,Moderate
Charging_Stations_Near_Home,income_100,0.004151137545704842,,Moderate
Range_Anxiety_Level,income_100,0.004084614105522633,,Moderate
Charging_Stations_Near_Work,income_100,0.004073125310242176,,Moderate
Annual_Income_USD,Daily_Commute_km_exact,0.004019503481686115,,Moderate
Charging_Stations_Near_Home,Charging_Stations_Near_Work,0.0039987931959331036,,Moderate
Annual_Income_USD,Charging_Stations_Near_Work,0.003960134461522102,,Moderate
Charging_Stations_Near_Work,Daily_Commute_km_exact,0.003903965000063181,,Moderate
Home_Charging_Possible,Subsidy_Available,0.0038659384008497,,Moderate
Charging_Stations_Near_Home,Subsidy_Available,0.0038484528195112944,,Moderate
Daily_Commute_km,income_100,0.003835949581116438,,Moderate
Age,Home_Charging_Possible,0.00375154335051775,,Moderate
Charging_Stations_Near_Home,Daily_Commute_km_exact,0.0037367595359683037,,Moderate
Charging_Stations_Near_Home,income_1000,0.003673288971185684,,Moderate
Daily_Commute_km,income_1000,0.0036696528550237417,,Moderate
Annual_Income_USD,Range_Anxiety_Level,0.003613703651353717,,Moderate
Annual_Income_USD,Current_Car_Type,0.0035206349566578865,,Moderate
Number_of_Cars_Owned,Environmental_Concern_Level,0.0034500020556151867,,Moderate
income_100,Daily_Commute_km_exact,0.0029624912422150373,,Moderate
Charging_Stations_Near_Work,income_1000,0.0029574031941592693,,Moderate
Daily_Commute_km,Current_Car_Type,0.0029520795214921236,,None
Annual_Income_USD,Home_Charging_Possible,0.002818636829033494,,None
Subsidy_Available,income_exact,0.002803736599162221,,None
Age,Number_of_Cars_Owned,0.0026712086983025074,,None
Environmental_Concern_Level,Current_Car_Type,0.002572915982455015,,None
Gender,Subsidy_Available,0.002536485670134425,,None
Annual_Income_USD,Number_of_Cars_Owned,0.0025357201229780912,,None
Charging_Stations_Near_Home,City_Type,0.0024079831782728434,,None
Annual_Income_USD,Gender,0.002404414117336273,,None
Daily_Commute_km,Number_of_Cars_Owned,0.002396567724645138,,None
Age,Current_Car_Type,0.002362122992053628,,None
Age,Gender,0.002359571401029825,,None
Environmental_Concern_Level,City_Type,0.002296389313414693,,None
income_1000,Daily_Commute_km_exact,0.002282465575262904,,None
Number_of_Cars_Owned,Charging_Stations_Near_Home,0.0022418107837438583,,None
Number_of_Cars_Owned,Charging_Stations_Near_Work,0.002218347741290927,,None
Home_Charging_Possible,income_100,0.002202744595706463,,None
Charging_Stations_Near_Work,Current_Car_Type,0.002147554187104106,,None
Home_Charging_Possible,income_1000,0.0021198152098804712,,None
Gender,income_100,0.0021082418970763683,,None
Age,City_Type,0.002101738238707185,,None
Home_Charging_Possible,Daily_Commute_km_exact,0.002096140757203102,,None
Daily_Commute_km,City_Type,0.00206949096173048,,None
Number_of_Cars_Owned,income_100,0.002062477171421051,,None
Daily_Commute_km,Gender,0.0020363526418805122,,None
Environmental_Concern_Level,Gender,0.0020206687040627003,,None
Current_Car_Type,Subsidy_Available,0.001985797192901373,,None
City_Type,Home_Charging_Possible,0.001934112049639225,,None
Current_Car_Type,income_100,0.0019036725861951709,,None
Charging_Stations_Near_Work,Range_Anxiety_Level,0.0018377520609647036,,None
Annual_Income_USD,City_Type,0.0018185694934800267,,None
Daily_Commute_km,income_exact,0.0017761923372745514,,None
Charging_Stations_Near_Home,Current_Car_Type,0.001771586132235825,,None
City_Type,income_1000,0.0017272119875997305,,None
Current_Car_Type,income_1000,0.0016384224873036146,,None
Gender,income_1000,0.0016047972021624446,,None
City_Type,Daily_Commute_km_exact,0.0015797640662640333,,None
Age,income_exact,0.0015510600060224533,,None
Current_Car_Type,Daily_Commute_km_exact,0.0014893641928210855,,None
Number_of_Cars_Owned,Daily_Commute_km_exact,0.0014626861084252596,,None
Charging_Stations_Near_Home,income_exact,0.0014589036582037807,,None
City_Type,income_100,0.0014582481235265732,,None
City_Type,Range_Anxiety_Level,0.0014190241927281022,,None
Age,Range_Anxiety_Level,0.0013747080229222775,,None
Charging_Stations_Near_Home,Range_Anxiety_Level,0.0013638670789077878,,None
Gender,Current_Car_Type,0.0013326182961463928,,None
Daily_Commute_km,Range_Anxiety_Level,0.0013041312340646982,,None
Number_of_Cars_Owned,income_1000,0.0012760964455083013,,None
Range_Anxiety_Level,Daily_Commute_km_exact,0.0012674561003223062,,None
Charging_Stations_Near_Work,City_Type,0.0012377826496958733,,None
Charging_Stations_Near_Work,Gender,0.0012091806856915355,,None
Number_of_Cars_Owned,Range_Anxiety_Level,0.0011961311101913452,,None
Charging_Stations_Near_Home,Gender,0.001153580960817635,,None
Number_of_Cars_Owned,Gender,0.0011406232370063663,,None
Gender,Daily_Commute_km_exact,0.001136638573370874,,None
City_Type,Subsidy_Available,0.0009636223549023271,,None
Home_Charging_Possible,income_exact,0.000921888102311641,,None
Number_of_Cars_Owned,Current_Car_Type,0.0008852683822624385,,None
Charging_Stations_Near_Work,income_exact,0.0008460227400064468,,None
Home_Charging_Possible,Range_Anxiety_Level,0.0008229458471760154,,None
Number_of_Cars_Owned,income_exact,0.0007851389236748219,,None
Number_of_Cars_Owned,Home_Charging_Possible,0.0007733593229204416,,None
City_Type,Current_Car_Type,0.0007461057393811643,,None
income_exact,Daily_Commute_km_exact,0.000718745170161128,,None
Current_Car_Type,income_exact,0.0006863861344754696,,None
Gender,City_Type,0.0005669930251315236,,None
Range_Anxiety_Level,income_exact,0.000540330947842449,,None
Gender,Range_Anxiety_Level,0.0004600530955940485,,None
Current_Car_Type,Home_Charging_Possible,0.00045303694787435234,,None
Number_of_Cars_Owned,City_Type,0.0004497855552472174,,None
Gender,income_exact,0.000445568555733189,,None
City_Type,income_exact,0.000343471416272223,,None
Current_Car_Type,Range_Anxiety_Level,0.00031794648384675384,,None
Gender,Home_Charging_Possible,0.00026532472111284733,,None
Annual_Income_USD,income_exact,0.0,,None
