Feature,Segment,N,Event_Rate,Dev_pp
Annual_Income_USD,"[-∞, -1)",70860,0.0448,-13.0
Annual_Income_USD,"[-1, -1)",5075,0.0197,-15.5
Annual_Income_USD,"[-1, -1)",52337,0.1003,-7.4
Annual_Income_USD,"[-1, -1)",40542,0.043,-13.2
Annual_Income_USD,"[-1, -1)",18577,0.2009,2.6
Annual_Income_USD,"[-1, 0)",148607,0.1429,-3.2
Annual_Income_USD,"[0, 0)",130019,0.1912,1.7
Annual_Income_USD,"[0, 0)",7752,0.0986,-7.6
Annual_Income_USD,"[0, 1)",12165,0.2136,3.9
Annual_Income_USD,"[1, 1)",5151,0.3636,18.9
Annual_Income_USD,"[1, 1)",6025,0.1678,-0.7
Annual_Income_USD,"[1, 1)",44219,0.2266,5.2
Annual_Income_USD,"[1, 1)",79835,0.2936,11.9
Annual_Income_USD,"[1, 3)",46479,0.3504,17.6
Annual_Income_USD,"[3, +∞)",1022,0.6761,50.1
Daily_Commute_km,"[-∞, -1)",144919,0.1844,1.0
Daily_Commute_km,"[-1, -1)",1171,0.1981,2.3
Daily_Commute_km,"[-1, -1)",13237,0.3086,13.4
Daily_Commute_km,"[-1, -0)",54124,0.2049,3.0
Daily_Commute_km,"[-0, 0)",141313,0.1701,-0.5
Daily_Commute_km,"[0, 1)",113878,0.18,0.5
Daily_Commute_km,"[1, 1)",109195,0.1588,-1.6
Daily_Commute_km,"[1, 1)",42904,0.1738,-0.1
Daily_Commute_km,"[1, 1)",7776,0.138,-3.7
Daily_Commute_km,"[1, 1)",8578,0.1033,-7.1
Daily_Commute_km,"[1, 2)",4281,0.1964,2.2
Daily_Commute_km,"[2, 2)",5429,0.1431,-3.2
Daily_Commute_km,"[2, 2)",4319,0.0836,-9.1
Daily_Commute_km,"[2, 2)",1993,0.1465,-2.8
Daily_Commute_km,"[2, 2)",11383,0.0556,-11.9
Daily_Commute_km,"[2, +∞)",4165,0.1097,-6.5
Age,"[-∞, -2)",13264,0.1445,-3.0
Age,"[-2, -1)",45754,0.2098,3.5
Age,"[-1, -0)",188813,0.1654,-0.9
Age,"[-0, 0)",142075,0.1764,0.2
Age,"[0, 1)",75243,0.203,2.8
Age,"[1, 1)",15551,0.194,1.9
Age,"[1, 1)",12455,0.1751,0.0
Age,"[1, 1)",14279,0.1469,-2.8
Age,"[1, 2)",117108,0.1648,-1.0
Age,"[2, 2)",15870,0.1428,-3.2
Age,"[2, 2)",13737,0.1302,-4.4
Age,"[2, +∞)",14516,0.2103,3.6
